{
  "type": "origins:action_on_item_use",
  "entity_action": {
    "type": "origins:and",
    "actions": [
      {
        "type": "origins:apply_effect",
        "effect": {
          "effect": "minecraft:absorption",
          "duration": 2400,
          "amplifier": 0,
          "is_ambient": true,
          "show_particles": true,
          "show_icon": true
        }
      },
      {
        "type": "origins:apply_effect",
        "effect": {
          "effect": "minecraft:regeneration",
          "duration": 100,
          "amplifier": 1,
          "is_ambient": true,
          "show_particles": true,
          "show_icon": true
        }
      }
    ]
  },
  "item_condition": {
    "type": "origins:ingredient",
    "ingredient": {
      "item": "minecraft:golden_carrot"
    }
  },
  "hidden": true
}
