{
  "type": "origins:active_self",
  "entity_action": {
    "type": "origins:apply_effect",
    "effect": {
      "effect": "minecraft:jump_boost",
      "duration": 40,
      "amplifier": 1,
      "is_ambient": true,
      "show_particles": false,
      "show_icon": true
    }
  },
  "cooldown": 100,
  "hud_render": {
    "should_render": true,
    "sprite_location": "origins:textures/gui/community/huang/resource_bar_01.png",
    "bar_index": 9
  },
  "key": {
    "key": "key.origins.secondary_active",
    "continuous": true
  },
  "hidden": true
}
