{
  "type": "origins:active_self",
  "entity_action": {
    "type": "origins:execute_command",
    "command": "function eternia:powers/morgan/apply_effects"
  },
  "cooldown": 1200,
  "hud_render": {
    "should_render": true,
    "sprite_location": "origins:textures/gui/community/huang/resource_bar_02.png",
    "bar_index": 0
  },
  "condition": {
    "type": "origins:daytime",
    "inverted": true
  },
  "key": {
    "key": "key.origins.secondary_active",
    "continuous": true
  },
  "hidden": true
}
