{
  "type": "origins:active_self",
  "entity_action": {
    "type": "origins:execute_command",
    "command": "function eternia:powers/morgan/teleport"
  },
  "cooldown": 600,
  "hud_render": {
    "should_render": true,
    "sprite_location": "origins:textures/gui/resource_bar.png",
    "bar_index": 7
  },
  "condition": {
    "type": "origins:daytime",
    "inverted": true
  },
  "key": {
    "key": "key.origins.primary_active",
    "continuous": true
  },
  "hidden": true
}
