{
  "type": "origins:action_on_callback",
  "entity_action_chosen": {
    "type": "origins:execute_command",
    "command": "function eternia:powers/isah/entity_action_chosen"
  },
  "entity_action_removed": {
    "type": "origins:execute_command",
    "command": "scale reset @s"
  },
  "entity_action_respawned": {
    "type": "origins:execute_command",
    "command": "function eternia:powers/isah/entity_action_respawned"
  },
  "execute_chosen_when_orb": true,
  "hidden": true
}
