{
  "type": "origins:active_self",
  "entity_action": {
    "type": "origins:apply_effect",
    "effect": {
      "effect": "minecraft:invisibility",
      "duration": 200,
      "amplifier": 1,
      "is_ambient": true,
      "show_particles": false,
      "show_icon": true
    }
  },
  "cooldown": 250,
  "hud_render": {
    "should_render": true,
    "sprite_location": "origins:textures/gui/resource_bar.png",
    "bar_index": 5
  },
  "key": {
    "key": "key.origins.primary_active",
    "continuous": true
  },
  "condition": {
    "type": "origins:or",
    "conditions": [
      {
        "type": "origins:in_rain"
      },
      {
        "type": "origins:submerged_in",
        "fluid": "minecraft:water"
      }
    ]
  },
  "hidden": true
}
