{
  "type": "origins:active_self",
  "entity_action": {
    "type": "origins:raycast",
    "distance": 16,
    "block": true,
    "entity": true,
    "shape_type": "visual",
    "fluid_handling": "any",
    "bientity_action": {
      "type": "origins:target_action",
      "action": {
        "type": "origins:execute_command",
        "command": "function eternia:powers/necrymosa/hit_entity"
      }
    },
    "command_at_hit": "particle effective:droplet ~ ~ ~ 0 0 0 0.15 50 normal",
    "command_along_ray": "particle minecraft:spit",
    "command_step": 1,
    "command_along_ray_only_on_hit": false
  },
  "cooldown": 1200,
  "hud_render": {
    "should_render": true,
    "sprite_location": "origins:textures/gui/community/huang/resource_bar_02.png",
    "bar_index": 16
  },
  "key": {
    "key": "key.origins.secondary_active",
    "continuous": true
  },
  "hidden": true
}
